Seqno,Preprocessor,Optimizer,Regularization,HiddenLayer,HiddenUnit,InputKeepProb,KeepProb,Alpha,lrdecay,decaystep,RS,Epoch,Minibatch,Skip,TFromDate,TToDate,TestFromD,TestToD,ValidationDays,Comments(rows #),"commentsOnTestResult(TrainAUC,TraindevAUC)"
0,Standard,Adam,L2,1,5152,1,1,0.01,0.99,100,39987,1000,16384,y,2010/12/31,2013/12/30,2014/5/1,2014/7/31,90,Past 3 years vs 3 months,
1,Standard,Adam,L2,1,1031,1,1,0.01,0.99,100,39987,1000,16384,y,2005/01/01,2010/9/30,2014/5/1,2014/7/31,90,,overfit
2,Standard,Adam,L2,1,1718,1,1,0.01,0.99,100,39987,1000,16384,y,2009/12/31,2012/12/30,2014/5/1,2014/7/31,90,,overfit
6,Standard,Adam,L2,4,261,1,1,0.01,0.99,100,39987,1000,16384,Y,2010/12/31,2013/12/30,2014/5/1,2014/7/31,90,,"0.929,0.8348 overfit"
7,MinMax,Adam,L2,4,103,1,1,0.01,0.99,100,39987,1000,16384,Y,2010/12/31,2013/12/30,2014/5/1,2014/7/31,90,542604,"0.8368,0.8195"
8,MinMax,Adam,L2,4,103,1,1,0.01,0.99,100,39987,1000,16384,n,2009/12/31,2012/12/30,2014/5/1,2014/7/31,90,481376,"0.8528,0.8308"
9,MinMax,Adam,L2,4,103,1,1,0.01,0.99,100,39987,1000,16384,y,2005/01/04,2010/03/30,2014/5/1,2014/7/31,90,559437,"0.8532,0.8381"
10,Standard,Adam,L2,6,84,1,1,0.01,0.99,100,39987,1000,16384,y,2010/12/31,2013/12/30,2014/5/1,2014/7/31,90,542604,"0.8735,0.8207"
11,Standard,Adam,L2,6,84,1,1,0.01,0.99,100,39987,1000,16384,y,2009/12/31,2012/12/30,2014/5/1,2014/7/31,90,481376,"0.8943,0.8336"
12,MinMax,Adam,L2,6,84,1,1,0.01,0.99,100,39987,1000,16384,y,2005/01/04,2010/03/30,2014/5/1,2014/7/31,90,559437,"0.8532,0.8345"
13,Standard,Adam,L2,6,84,1,1,0.01,0.99,100,39987,1000,16384,y,2005/02/01,2010/04/30,2014/5/1,2014/7/31,90,564658,"0.8795,0.8315"
14,MinMax,Adam,L2,6,84,1,1,0.01,0.99,100,39987,1000,16384,y,2005/03/01,2010/05/30,2014/5/1,2014/7/31,90,,"0.854,0.843"
15,MinMax,Adam,L2,6,84,1,1,0.01,0.99,100,39987,1000,16384,y,2013/12/31,2016/12/30,2017/10/01,2017/12/28,90,578979,"0.8352,0.813;??????????zhishucode?selectedaverageline??"
16,MinMax,Adam,L2,6,84,1,1,0.01,0.99,100,39987,1000,16384,y,2013/12/31,2016/12/30,2017/10/01,2017/12/28,90,,
17,MinMax,Adam,L2,6,74,1,1,0.01,0.99,100,39987,1000,16384,y,2013/12/31,2016/12/30,2017/10/01,2017/12/28,90,,
18,MinMax,Adam,L2,6,68,1,1,0.01,0.99,100,39987,1000,16384,y,2014/12/31,2017/05/30,2017/10/01,2017/12/28,90,,
19,MinMax,Adam,L2,6,84,1,1,0.01,0.99,100,12,1500,16384,y,2013/12/31,2016/12/30,2017/10/01,2017/12/28,90,,
20,Standard,Adam,L2,6,84,1,1,0.01,0.99,100,39987,800,16384,y,2013/12/31,2016/12/30,2017/10/01,2017/12/28,90,564658,"0.8795,0.8315"
21,MinMax,Adam,None,6,68,0.95,0.8,0.01,0.99,100,39987,1000,16384,y,2013/12/31,2016/12/30,2017/10/01,2017/12/28,90,,
22,MinMax,Adam,L2,6,68,1,1,0.01,0.99,100,39987,1000,16384,y,2013/12/31,2016/05/30,2017/10/01,2017/12/28,90,,
23,MinMax,Adam,L2,6,68,1,1,0.01,0.99,100,39987,1000,16384,y,2012/12/31,2015/05/30,2017/10/01,2017/12/28,90,,
24,MinMax,Adam,L2,6,68,1,1,0.01,0.99,100,39987,1000,16384,y,2011/12/31,2014/05/30,2017/10/01,2017/12/28,90,,
25,MinMax,Adam,L2,6,68,1,1,0.01,0.99,100,39987,1000,16384,y,2010/12/31,2013/05/30,2017/10/01,2017/12/28,90,,
26,MinMax,Adam,L2,6,68,1,1,0.01,0.99,100,39987,1000,16384,y,2011/03/31,2013/08/30,2017/10/01,2017/12/28,90,,
27,MinMax,Adam,L2,6,68,1,1,0.01,0.99,100,39987,1000,16384,y,2011/6/30,2013/11/30,2017/10/01,2017/12/28,90,,
28,MinMax,Adam,L2,6,68,1,1,0.01,0.99,100,39987,1000,16384,y,2011/9/30,2014/02/28,2017/10/01,2017/12/28,90,,
29,MinMax,Adam,L2,6,68,1,1,0.01,0.99,100,39987,1000,16384,y,2012/03/31,2014/08/31,2017/10/01,2017/12/28,90,,
30,MinMax,Adam,L2,6,68,1,1,0.01,0.99,100,39987,1000,16384,y,2012/06/30,2014/11/30,2017/10/01,2017/12/28,90,,
31,MinMax,Adam,L2,6,68,1,1,0.01,0.99,100,39987,1000,16384,y,2012/09/30,2015/02/28,2017/10/01,2017/12/28,90,,
32,MinMax,Adam,L2,6,68,1,1,0.01,0.99,100,39987,1000,16384,y,2013/03/31,2015/08/31,2017/10/01,2017/12/28,90,,
33,MinMax,Adam,L2,6,299,1,1,0.01,0.99,100,39987,1000,16384,y,2010/12/31,2016/05/30,2017/10/01,2017/12/28,90,,
34,MinMax,Adam,L2,6,124,1,1,0.01,0.99,100,39987,1000,16384,y,2010/12/31,2016/05/30,2017/10/01,2017/12/28,90,,
35,MinMax,Adam,L2,10,124,1,1,0.01,0.99,100,39987,1000,16384,y,2010/12/31,2016/05/30,2017/10/01,2017/12/28,90,,
36,MinMax,Adam,L2,6,299,1,1,0.01,0.99,100,39987,1000,16384,y,2009/9/30,2016/02/28,2017/10/01,2017/12/28,90,,
37,MinMax,Adam,L2,6,299,1,1,0.01,0.99,100,39987,1000,16384,y,2009/6/30,2015/11/30,2017/10/01,2017/12/28,90,,
38,MinMax,Adam,L2,6,299,1,1,0.01,0.99,100,39987,1000,16384,y,2009/3/30,2015/08/31,2017/10/01,2017/12/28,90,,
39,MinMax,Adam,L2,10,124,1,1,0.01,0.99,100,39987,1000,16384,y,2005/1/1,2010/5/30,2017/10/01,2017/12/28,90,,
40,MinMax,Adam,L2,10,124,1,1,0.01,0.99,100,39987,1000,16384,y,2005/1/1,2012/12/31,2017/10/01,2017/12/28,90,,
41,MinMax,Adam,L2,10,124,1,1,0.01,0.99,100,39987,1000,16384,y,2007/12/31,2013/5/30,2017/10/01,2017/12/28,90,,
42,MinMax,Adam,L2,10,124,1,1,0.01,0.99,100,39987,1000,16384,y,2006/01/01,2013/12/31,2017/10/01,2017/12/28,90,,
43,MinMax,Adam,L2,10,124,1,1,0.01,0.99,100,39987,1000,16384,y,2008/01/01,2015/12/31,2017/10/01,2017/12/28,90,,
44,MinMax,Adam,L2,10,124,1,1,0.01,0.99,100,39987,1000,16384,y,2007/1/1,2014/12/31,2017/10/01,2017/12/28,90,,
45,MinMax,Adam,L2,10,124,1,1,0.01,0.99,100,39987,1000,16384,y,2009/1/1,2016/12/31,2017/10/01,2017/12/28,90,,
46,MinMax,Adam,L2,10,124,1,1,0.01,0.99,100,39987,1000,16384,Y,2010/01/01,2017/6/30,2017/10/01,2017/12/28,90,,
47,Standard,Adam,L2,1,84,1,1,0.01,0.99,100,39987,1000,16384,y,2005/01/01,2016/08/31,2017/06/01,2017/08/31,90,Past11 year vs 3 months,
100,Standard,Adam,L2,1,110,1,1,0.01,0.99,100,39987,1000,65536,y,2005/01/01,2005/12/31,2017/06/01,2017/08/31,90,stable low 1 year vs 3 months,
101,MinMax,Adam,L2,2,76,1,1,0.01,0.99,100,39987,1000,65536,y,2005/01/01,2005/12/31,2017/06/01,2017/08/31,90,training+traindev110222,
102,Standard,Adam,L2,3,63,1,1,0.01,0.99,100,39987,1000,65536,y,2005/01/01,2005/12/31,2017/06/01,2017/08/31,90,,
103,MinMax,Adam,L2,4,55,1,1,0.01,0.99,100,39987,1000,65536,y,2005/01/01,2005/12/31,2017/06/01,2017/08/31,90,,
104,MinMax,Adam,L2,5,50,1,1,0.01,0.99,100,39987,1000,65536,y,2005/01/01,2005/12/31,2017/06/01,2017/08/31,90,training+traindev110222,
105,MinMax,Adam,L2,6,46,1,1,0.01,0.99,100,39987,1000,65536,y,2005/01/01,2005/12/31,2017/06/01,2017/08/31,90,stable low 1 year vs 3 months,
200,MinMax,Adam,L2,1,165,1,1,0.01,0.99,100,39987,1000,65536,y,2006/01/01,2007/10/17,2017/06/01,2017/08/31,90,Big bull 2year vs 3 months,
201,MinMax,Adam,L2,2,102,1,1,0.01,0.99,100,39987,1000,65536,y,2006/01/01,2007/10/17,2017/06/01,2017/08/31,90,,
202,MinMax,Adam,L2,3,83,1,1,0.01,0.99,100,39987,1000,65536,y,2006/01/01,2007/10/17,2017/06/01,2017/08/31,90,,
203,MinMax,Adam,L2,4,72,1,1,0.01,0.99,100,39987,1000,65536,y,2006/01/01,2007/10/17,2017/06/01,2017/08/31,90,,
204,MinMax,Adam,L2,5,65,1,1,0.01,0.99,100,39987,1000,65536,y,2006/01/01,2007/10/17,2017/06/01,2017/08/31,90,,
205,MinMax,Adam,L2,6,60,1,1,0.01,0.99,100,39987,1000,65536,y,2006/01/01,2007/10/17,2017/06/01,2017/08/31,90,Big bull 2year vs 3 months,
300,MinMax,Adam,L2,1,107,1,1,0.01,0.99,100,39987,1000,65536,y,2007/10/18,2008/11/04,2017/06/01,2017/08/31,90,Big bear  1year vs 3 months,
301,MinMax,Adam,L2,2,75,1,1,0.01,0.99,100,39987,1000,65536,y,2007/10/18,2008/11/04,2017/06/01,2017/08/31,90,,
302,MinMax,Adam,L2,3,62,1,1,0.01,0.99,100,39987,1000,65536,y,2007/10/18,2008/11/04,2017/06/01,2017/08/31,90,,
303,MinMax,Adam,L2,4,54,1,1,0.01,0.99,100,39987,1000,65536,y,2007/10/18,2008/11/04,2017/06/01,2017/08/31,90,,
304,MinMax,Adam,L2,5,49,1,1,0.01,0.99,100,39987,1000,65536,y,2007/10/18,2008/11/04,2017/06/01,2017/08/31,90,,
305,MinMax,Adam,L2,6,46,1,1,0.01,0.99,100,39987,1000,65536,y,2007/10/18,2008/11/04,2017/06/01,2017/08/31,90,Big bear  1year vs 3 months,
400,MinMax,Adam,L2,1,96,1,1,0.01,0.99,100,39987,1000,65536,y,2008/11/5,2009/08/04,2017/06/01,2017/08/31,90,bounce up 9months vs 3 months,
401,MinMax,Adam,L2,2,68,1,1,0.01,0.99,100,39987,1000,65536,y,2008/11/5,2009/08/04,2017/06/01,2017/08/31,90,,
402,Standard,Adam,L2,3,57,1,1,0.01,0.99,100,39987,1000,65536,y,2008/11/5,2009/08/04,2017/06/01,2017/08/31,90,,
403,Standard,Adam,L2,4,50,1,1,0.01,0.99,100,39987,1000,65536,y,2008/11/5,2009/08/04,2017/06/01,2017/08/31,90,,
404,MinMax,Adam,L2,5,46,1,1,0.01,0.99,100,39987,1000,65536,y,2008/11/5,2009/08/04,2017/06/01,2017/08/31,90,,
405,MinMax,Adam,L2,6,42,1,1,0.01,0.99,100,39987,1000,65536,y,2008/11/5,2009/08/04,2017/06/01,2017/08/31,90,bounce up 9months vs 3 months,
500,MinMax,Adam,L2,1,233,1,1,0.01,0.99,100,39987,1000,65536,y,2009/08/05,2011/04/18,2017/06/01,2017/08/31,90,Fluctate 20 months vs 3 months,
501,MinMax,Adam,L2,2,131,1,1,0.01,0.99,100,39987,1000,65536,y,2009/08/05,2011/04/18,2017/06/01,2017/08/31,90,,
502,MinMax,Adam,L2,3,104,1,1,0.01,0.99,100,39987,1000,65536,y,2009/08/05,2011/04/18,2017/06/01,2017/08/31,90,,
503,MinMax,Adam,L2,4,90,1,1,0.01,0.99,100,39987,1000,65536,y,2009/08/05,2011/04/18,2017/06/01,2017/08/31,90,,
504,MinMax,Adam,L2,5,80,1,1,0.01,0.99,100,39987,1000,65536,y,2009/08/05,2011/04/18,2017/06/01,2017/08/31,90,,
505,MinMax,Adam,L2,6,73,1,1,0.01,0.99,100,39987,1000,65536,y,2009/08/05,2011/04/18,2017/06/01,2017/08/31,90,Fluctate 20 months vs 3 months,
600,Standard,Adam,L2,1,284,1,1,0.01,0.99,100,39987,1000,65536,y,2011/04/19,2012/12/04,2017/06/01,2017/08/31,90,slowbear 20months vs 3 months,
601,MinMax,Adam,L2,2,150,1,1,0.01,0.99,100,39987,1000,65536,y,2011/04/19,2012/12/04,2017/06/01,2017/08/31,90,,
602,MinMax,Adam,L2,3,118,1,1,0.01,0.99,100,39987,1000,65536,y,2011/04/19,2012/12/04,2017/06/01,2017/08/31,90,,
603,Standard,Adam,L2,4,101,1,1,0.01,0.99,100,39987,1000,65536,y,2011/04/19,2012/12/04,2017/06/01,2017/08/31,90,,
604,Standard,Adam,L2,5,90,1,1,0.01,0.99,100,39987,1000,65536,y,2011/04/19,2012/12/04,2017/06/01,2017/08/31,90,,
605,Standard,Adam,L2,6,82,1,1,0.01,0.99,100,39987,1000,65536,y,2011/04/19,2012/12/04,2017/06/01,2017/08/31,90,slowbear 20months vs 3 months,
606,Standard,Adam,L2,1,171,1,1,0.01,0.99,100,39987,1000,65536,y,2011/04/19,2012/12/04,2017/06/01,2017/08/31,90,slowbear 20months vs 3 months,
607,Standard,Adam,L2,2,105,1,1,0.01,0.99,100,39987,1000,65536,y,2011/04/19,2012/12/04,2017/06/01,2017/08/31,90,,
608,Standard,Adam,L2,3,85,1,1,0.01,0.99,100,39987,1000,65536,y,2011/04/19,2012/12/04,2017/06/01,2017/08/31,90,,
609,MinMax,Adam,L2,4,74,1,1,0.01,0.99,100,39987,1000,65536,y,2011/04/19,2012/12/04,2017/06/01,2017/08/31,90,,
610,Standard,Adam,L2,5,66,1,1,0.01,0.99,100,39987,1000,65536,y,2011/04/19,2012/12/04,2017/06/01,2017/08/31,90,,
611,Standard,Adam,L2,6,61,1,1,0.01,0.99,100,39987,1000,65536,y,2011/04/19,2012/12/04,2017/06/01,2017/08/31,90,slowbear 20months vs 3 months,
612,MinMax,Adam,L2,1,853,1,1,0.01,0.99,100,39987,1000,65536,y,2011/04/19,2012/12/04,2017/06/01,2017/08/31,90,slowbear 20months vs 3 months,
613,MinMax,Adam,L2,2,303,1,1,0.01,0.99,100,39987,1000,65536,y,2011/04/19,2012/12/04,2017/06/01,2017/08/31,90,,
614,MinMax,Adam,L2,3,228,1,1,0.01,0.99,100,39987,1000,65536,y,2011/04/19,2012/12/04,2017/06/01,2017/08/31,90,,
615,MinMax,Adam,L2,4,192,1,1,0.01,0.99,100,39987,1000,65536,y,2011/04/19,2012/12/04,2017/06/01,2017/08/31,90,,
616,Standard,Adam,L2,5,169,1,1,0.01,0.99,100,39987,1000,65536,y,2011/04/19,2012/12/04,2017/06/01,2017/08/31,90,,
617,Standard,Adam,L2,6,153,1,1,0.01,0.99,100,39987,1000,65536,y,2011/04/19,2012/12/04,2017/06/01,2017/08/31,90,slowbear 20months vs 3 months,
700,MinMax,Adam,L2,1,320,1,1,0.01,0.99,100,39987,1000,65536,y,2012/12/05,2014/06/30,2017/06/01,2017/08/31,90,structure 18months vs 3 months,
701,MinMax,Adam,L2,2,162,1,1,0.01,0.99,100,39987,1000,65536,y,2012/12/05,2014/06/30,2017/06/01,2017/08/31,90,,
702,MinMax,Adam,L2,3,127,1,1,0.01,0.99,100,39987,1000,65536,y,2012/12/05,2014/06/30,2017/06/01,2017/08/31,90,,
703,MinMax,Adam,L2,4,108,1,1,0.01,0.99,100,39987,1000,65536,Y,2012/12/05,2014/06/30,2017/06/01,2017/08/31,90,,
704,MinMax,Adam,L2,5,96,1,1,0.01,0.99,100,39987,1000,65536,Y,2012/12/05,2014/06/30,2017/06/01,2017/08/31,90,,
705,MinMax,Adam,L2,6,88,1,1,0.01,0.99,100,39987,1000,65536,Y,2012/12/05,2014/06/30,2017/06/01,2017/08/31,90,,
706,MinMax,Adam,L2,1,192,1,1,0.01,0.99,100,39987,2000,65536,y,2012/12/05,2014/06/30,2017/06/01,2017/08/31,90,,
707,Standard,Adam,L2,2,114,1,1,0.01,0.99,100,39987,2000,65536,y,2012/12/05,2014/06/30,2017/06/01,2017/08/31,90,,
708,Standard,Adam,L2,3,91,1,1,0.01,0.99,100,39987,2000,65536,y,2012/12/05,2014/06/30,2017/06/01,2017/08/31,90,,
709,MinMax,Adam,L2,4,79,1,1,0.01,0.99,100,39987,2000,65536,y,2012/12/05,2014/06/30,2017/06/01,2017/08/31,90,,
710,MinMax,Adam,L2,5,71,1,1,0.01,0.99,100,39987,2000,65536,y,2012/12/05,2014/06/30,2017/06/01,2017/08/31,90,,
711,Standard,Adam,L2,6,65,1,1,0.01,0.99,100,39987,2000,65536,y,2012/12/05,2014/06/30,2017/06/01,2017/08/31,90,,
712,MinMax,Adam,L2,1,959,1,1,0.01,0.99,100,39987,2000,65536,y,2012/12/05,2014/06/30,2017/06/01,2017/08/31,90,,
713,Standard,Adam,L2,2,325,1,1,0.01,0.99,100,39987,2000,65536,y,2012/12/05,2014/06/30,2017/06/01,2017/08/31,90,,
714,MinMax,Adam,L2,3,244,1,1,0.01,0.99,100,39987,2000,65536,y,2012/12/05,2014/06/30,2017/06/01,2017/08/31,90,,
715,MinMax,Adam,L2,4,205,1,1,0.01,0.99,100,39987,2000,65536,y,2012/12/05,2014/06/30,2017/06/01,2017/08/31,90,,
716,MinMax,Adam,L2,5,180,1,1,0.01,0.99,100,39987,2000,65536,y,2012/12/05,2014/06/30,2017/06/01,2017/08/31,90,,
717,MinMax,Adam,L2,6,163,1,1,0.01,0.99,100,39987,2000,65536,y,2012/12/05,2014/06/30,2017/06/01,2017/08/31,90,structure 18months vs 3 months,
800,MinMax,Adam,L2,1,160,1,1,0.01,0.99,100,39987,2000,65536,y,2014/07/01,2015/06/09,2017/06/01,2017/08/31,90,big bull 11 months vs 3 months,
801,MinMax,Adam,L2,2,100,1,1,0.01,0.99,100,39987,2000,65536,y,2014/07/01,2015/06/09,2017/06/01,2017/08/31,90,,
802,Standard,Adam,L2,3,81,1,1,0.01,0.99,100,39987,2000,65536,y,2014/07/01,2015/06/09,2017/06/01,2017/08/31,90,,
803,MinMax,Adam,L2,4,71,1,1,0.01,0.99,100,39987,2000,65536,y,2014/07/01,2015/06/09,2017/06/01,2017/08/31,90,,
804,MinMax,Adam,L2,5,63,1,1,0.01,0.99,100,39987,2000,65536,y,2014/07/01,2015/06/09,2017/06/01,2017/08/31,90,,
805,Standard,Adam,L2,6,58,1,1,0.01,0.99,100,39987,2000,65536,y,2014/07/01,2015/06/09,2017/06/01,2017/08/31,90,,
806,Standard,Adam,L2,1,96,1,1,0.01,0.99,100,39987,2000,65536,y,2014/07/01,2015/06/09,2017/06/01,2017/08/31,90,,
807,MinMax,Adam,L2,2,68,1,1,0.01,0.99,100,39987,2000,65536,y,2014/07/01,2015/06/09,2017/06/01,2017/08/31,90,,
808,MinMax,Adam,L2,3,57,1,1,0.01,0.99,100,39987,2000,65536,y,2014/07/01,2015/06/09,2017/06/01,2017/08/31,90,,
809,MinMax,Adam,L2,4,50,1,1,0.01,0.99,100,39987,2000,65536,y,2014/07/01,2015/06/09,2017/06/01,2017/08/31,90,,
810,MinMax,Adam,L2,5,46,1,1,0.01,0.99,100,39987,2000,65536,y,2014/07/01,2015/06/09,2017/06/01,2017/08/31,90,,
811,MinMax,Adam,L2,6,42,1,1,0.01,0.99,100,39987,2000,65536,y,2014/07/01,2015/06/09,2017/06/01,2017/08/31,90,,
812,MinMax,Adam,L2,1,480,1,1,0.01,0.99,100,39987,2000,65536,y,2014/07/01,2015/06/09,2017/06/01,2017/08/31,90,,
813,MinMax,Adam,L2,2,212,1,1,0.01,0.99,100,39987,2000,65536,y,2014/07/01,2015/06/09,2017/06/01,2017/08/31,90,,
814,MinMax,Adam,L2,3,163,1,1,0.01,0.99,100,39987,2000,65536,y,2014/07/01,2015/06/09,2017/06/01,2017/08/31,90,,
815,MinMax,Adam,L2,4,138,1,1,0.01,0.99,100,39987,2000,65536,y,2014/07/01,2015/06/09,2017/06/01,2017/08/31,90,,
816,MinMax,Adam,L2,5,122,1,1,0.01,0.99,100,39987,2000,65536,y,2014/07/01,2015/06/09,2017/06/01,2017/08/31,90,,
817,MinMax,Adam,L2,6,111,1,1,0.01,0.99,100,39987,2000,65536,y,2014/07/01,2015/06/09,2017/06/01,2017/08/31,90,big bull 11 months vs 3 months,
900,MinMax,Adam,L2,1,29,1,1,0.01,0.99,100,39987,2000,65536,y,2015/06/10,2015/08/26,2017/06/01,2017/08/31,90,Bear  3 months vs 3 months,
901,MinMax,Adam,L2,2,25,1,1,0.01,0.99,100,39987,2000,65536,y,2015/06/10,2015/08/26,2017/06/01,2017/08/31,90,,
902,MinMax,Adam,L2,3,23,1,1,0.01,0.99,100,39987,2000,65536,y,2015/06/10,2015/08/26,2017/06/01,2017/08/31,90,,
903,MinMax,Adam,L2,4,21,1,1,0.01,0.99,100,39987,2000,65536,y,2015/06/10,2015/08/26,2017/06/01,2017/08/31,90,,
904,MinMax,Adam,L2,5,20,1,1,0.01,0.99,100,39987,2000,65536,y,2015/06/10,2015/08/26,2017/06/01,2017/08/31,90,,
905,MinMax,Adam,L2,6,18,1,1,0.01,0.99,100,39987,2000,65536,y,2015/06/10,2015/08/26,2017/06/01,2017/08/31,90,,
906,MinMax,Adam,L2,1,18,1,1,0.01,0.99,100,39987,2000,65536,y,2015/06/10,2015/08/26,2017/06/01,2017/08/31,90,,
907,MinMax,Adam,L2,2,16,1,1,0.01,0.99,100,39987,2000,65536,y,2015/06/10,2015/08/26,2017/06/01,2017/08/31,90,,
908,MinMax,Adam,L2,3,15,1,1,0.01,0.99,100,39987,2000,65536,y,2015/06/10,2015/08/26,2017/06/01,2017/08/31,90,,
909,MinMax,Adam,L2,4,14,1,1,0.01,0.99,100,39987,2000,65536,y,2015/06/10,2015/08/26,2017/06/01,2017/08/31,90,,
910,MinMax,Adam,L2,5,13,1,1,0.01,0.99,100,39987,2000,65536,y,2015/06/10,2015/08/26,2017/06/01,2017/08/31,90,,
911,MinMax,Adam,L2,6,13,1,1,0.01,0.99,100,39987,2000,65536,y,2015/06/10,2015/08/26,2017/06/01,2017/08/31,90,,
912,MinMax,Adam,L2,1,88,1,1,0.01,0.99,100,39987,2000,65536,y,2015/06/10,2015/08/26,2017/06/01,2017/08/31,90,,
913,MinMax,Adam,L2,2,64,1,1,0.01,0.99,100,39987,2000,65536,y,2015/06/10,2015/08/26,2017/06/01,2017/08/31,90,,
914,MinMax,Adam,L2,3,54,1,1,0.01,0.99,100,39987,2000,65536,y,2015/06/10,2015/08/26,2017/06/01,2017/08/31,90,,
915,MinMax,Adam,L2,4,47,1,1,0.01,0.99,100,39987,2000,65536,y,2015/06/10,2015/08/26,2017/06/01,2017/08/31,90,,
916,MinMax,Adam,L2,5,43,1,1,0.01,0.99,100,39987,2000,65536,y,2015/06/10,2015/08/26,2017/06/01,2017/08/31,90,,
917,MinMax,Adam,L2,6,40,1,1,0.01,0.99,100,39987,2000,65536,y,2015/06/10,2015/08/26,2017/06/01,2017/08/31,90,Bear  3 months vs 3 months,
1000,Standard,Adam,L2,1,65,1,1,0.01,0.99,100,39987,2000,65536,y,2015/08/27,2015/12/23,2017/06/01,2017/08/31,90,little bounceup 4 months vs 3 months,
1001,MinMax,Adam,L2,2,50,1,1,0.01,0.99,100,39987,2000,65536,y,2015/08/27,2015/12/23,2017/06/01,2017/08/31,90,,
1002,MinMax,Adam,L2,3,43,1,1,0.01,0.99,100,39987,2000,65536,y,2015/08/27,2015/12/23,2017/06/01,2017/08/31,90,,
1003,Standard,Adam,L2,4,38,1,1,0.01,0.99,100,39987,2000,65536,y,2015/08/27,2015/12/23,2017/06/01,2017/08/31,90,,
1004,MinMax,Adam,L2,5,35,1,1,0.01,0.99,100,39987,2000,65536,y,2015/08/27,2015/12/23,2017/06/01,2017/08/31,90,,
1005,Standard,Adam,L2,6,33,1,1,0.01,0.99,100,39987,2000,65536,y,2015/08/27,2015/12/23,2017/06/01,2017/08/31,90,,
1006,MinMax,Adam,L2,1,39,1,1,0.01,0.99,100,39987,2000,65536,y,2015/08/27,2015/12/23,2017/06/01,2017/08/31,90,,
1007,MinMax,Adam,L2,2,33,1,1,0.01,0.99,100,39987,2000,65536,y,2015/08/27,2015/12/23,2017/06/01,2017/08/31,90,,
1008,MinMax,Adam,L2,3,29,1,1,0.01,0.99,100,39987,2000,65536,y,2015/08/27,2015/12/23,2017/06/01,2017/08/31,90,,
1009,MinMax,Adam,L2,4,26,1,1,0.01,0.99,100,39987,2000,65536,y,2015/08/27,2015/12/23,2017/06/01,2017/08/31,90,,
1010,Standard,Adam,L2,5,25,1,1,0.01,0.99,100,39987,2000,65536,y,2015/08/27,2015/12/23,2017/06/01,2017/08/31,90,,
1011,MinMax,Adam,L2,6,23,1,1,0.01,0.99,100,39987,2000,65536,y,2015/08/27,2015/12/23,2017/06/01,2017/08/31,90,,
1012,MinMax,Adam,L2,1,195,1,1,0.01,0.99,100,39987,2000,65536,y,2015/08/27,2015/12/23,2017/06/01,2017/08/31,90,,
1013,Standard,Adam,L2,2,115,1,1,0.01,0.99,100,39987,2000,65536,y,2015/08/27,2015/12/23,2017/06/01,2017/08/31,90,,
1014,MinMax,Adam,L2,3,92,1,1,0.01,0.99,100,39987,2000,65536,y,2015/08/27,2015/12/23,2017/06/01,2017/08/31,90,,
1015,MinMax,Adam,L2,4,80,1,1,0.01,0.99,100,39987,2000,65536,y,2015/08/27,2015/12/23,2017/06/01,2017/08/31,90,,
1016,MinMax,Adam,L2,5,72,1,1,0.01,0.99,100,39987,2000,65536,y,2015/08/27,2015/12/23,2017/06/01,2017/08/31,90,,
1017,MinMax,Adam,L2,6,66,1,1,0.01,0.99,100,39987,2000,65536,y,2015/08/27,2015/12/23,2017/06/01,2017/08/31,90,little bounceup 4 months vs 3 months,
1100,MinMax,Adam,L2,1,209,1,1,0.01,0.99,100,39987,2000,65536,y,2015/12/24,2016/11/29,2017/06/01,2017/08/31,90,melt down 12 months vs 3 months,
1101,Standard,Adam,L2,2,121,1,1,0.01,0.99,100,39987,2000,65536,y,2015/12/24,2016/11/29,2017/06/01,2017/08/31,90,,
1102,MinMax,Adam,L2,3,97,1,1,0.01,0.99,100,39987,2000,65536,y,2015/12/24,2016/11/29,2017/06/01,2017/08/31,90,,
1103,MinMax,Adam,L2,4,84,1,1,0.01,0.99,100,39987,2000,65536,y,2015/12/24,2016/11/29,2017/06/01,2017/08/31,90,,
1104,MinMax,Adam,L2,5,75,1,1,0.01,0.99,100,39987,2000,65536,y,2015/12/24,2016/11/29,2017/06/01,2017/08/31,90,,
1105,MinMax,Adam,L2,6,69,1,1,0.01,0.99,100,39987,2000,65536,y,2015/12/24,2016/11/29,2017/06/01,2017/08/31,90,,
1106,MinMax,Adam,L2,1,125,1,1,0.01,0.99,100,39987,2000,65536,y,2015/12/24,2016/11/29,2017/06/01,2017/08/31,90,,
1107,Standard,Adam,L2,2,84,1,1,0.01,0.99,100,39987,2000,65536,y,2015/12/24,2016/11/29,2017/06/01,2017/08/31,90,,
1108,Standard,Adam,L2,3,69,1,1,0.01,0.99,100,39987,2000,65536,y,2015/12/24,2016/11/29,2017/06/01,2017/08/31,90,,
1109,MinMax,Adam,L2,4,60,1,1,0.01,0.99,100,39987,2000,65536,y,2015/12/24,2016/11/29,2017/06/01,2017/08/31,90,,
1110,Standard,Adam,L2,5,54,1,1,0.01,0.99,100,39987,2000,65536,y,2015/12/24,2016/11/29,2017/06/01,2017/08/31,90,,
1111,Standard,Adam,L2,6,50,1,1,0.01,0.99,100,39987,2000,65536,y,2015/12/24,2016/11/29,2017/06/01,2017/08/31,90,,
1112,Standard,Adam,L2,1,627,1,1,0.01,0.99,100,39987,2000,65536,y,2015/12/24,2016/11/29,2017/06/01,2017/08/31,90,,
1113,MinMax,Adam,L2,2,251,1,1,0.01,0.99,100,39987,2000,65536,y,2015/12/24,2016/11/29,2017/06/01,2017/08/31,90,,
1114,MinMax,Adam,L2,3,191,1,1,0.01,0.99,100,39987,2000,65536,y,2015/12/24,2016/11/29,2017/06/01,2017/08/31,90,,
1115,MinMax,Adam,L2,4,161,1,1,0.01,0.99,100,39987,2000,65536,y,2015/12/24,2016/11/29,2017/06/01,2017/08/31,90,,
1116,MinMax,Adam,L2,5,142,1,1,0.01,0.99,100,39987,2000,65536,y,2015/12/24,2016/11/29,2017/06/01,2017/08/31,90,,
1117,MinMax,Adam,L2,6,129,1,1,0.01,0.99,100,39987,2000,65536,y,2015/12/24,2016/11/29,2017/06/01,2017/08/31,90,melt down 12 months vs 3 months,
1200,MinMax,Adam,L2,1,176,1,1,0.01,0.99,100,39987,2000,65536,y,2016/11/30,2017/08/28,2017/08/30,2017/08/30,1,Stable 9 months vs 1 day,
1201,MinMax,Adam,L2,2,107,1,1,0.01,0.99,100,39987,2000,65536,y,2016/11/30,2017/08/28,2017/08/30,2017/08/30,1,,
1202,Standard,Adam,L2,3,86,1,1,0.01,0.99,100,39987,2000,65536,y,2016/11/30,2017/08/28,2017/08/30,2017/08/30,1,,
1203,MinMax,Adam,L2,4,75,1,1,0.01,0.99,100,39987,2000,65536,y,2016/11/30,2017/08/28,2017/08/30,2017/08/30,1,,
1204,MinMax,Adam,L2,5,67,1,1,0.01,0.99,100,39987,2000,65536,y,2016/11/30,2017/08/28,2017/08/30,2017/08/30,1,,
1205,Standard,Adam,L2,6,62,1,1,0.01,0.99,100,39987,2000,65536,y,2016/11/30,2017/08/28,2017/08/30,2017/08/30,1,,
1206,Standard,Adam,L2,1,105,1,1,0.01,0.99,100,39987,2000,65536,y,2016/11/30,2017/08/28,2017/08/30,2017/08/30,1,,
1207,MinMax,Adam,L2,2,73,1,1,0.01,0.99,100,39987,2000,65536,y,2016/11/30,2017/08/28,2017/08/30,2017/08/30,1,,
1208,MinMax,Adam,L2,3,61,1,1,0.01,0.99,100,39987,2000,65536,y,2016/11/30,2017/08/28,2017/08/30,2017/08/30,1,,
1209,MinMax,Adam,L2,4,54,1,1,0.01,0.99,100,39987,2000,65536,y,2016/11/30,2017/08/28,2017/08/30,2017/08/30,1,,
1210,MinMax,Adam,L2,5,49,1,1,0.01,0.99,100,39987,2000,65536,y,2016/11/30,2017/08/28,2017/08/30,2017/08/30,1,,
1211,MinMax,Adam,L2,6,45,1,1,0.01,0.99,100,39987,2000,65536,y,2016/11/30,2017/08/28,2017/08/30,2017/08/30,1,,
1212,MinMax,Adam,L2,1,527,1,1,0.01,0.99,100,39987,2000,65536,y,2016/11/30,2017/08/28,2017/08/30,2017/08/30,1,,
1213,MinMax,Adam,L2,2,225,1,1,0.01,0.99,100,39987,2000,65536,y,2016/11/30,2017/08/28,2017/08/30,2017/08/30,1,,
1214,MinMax,Adam,L2,3,172,1,1,0.01,0.99,100,39987,2000,65536,y,2016/11/30,2017/08/28,2017/08/30,2017/08/30,1,,
1215,MinMax,Adam,L2,4,146,1,1,0.01,0.99,100,39987,2000,65536,y,2016/11/30,2017/08/28,2017/08/30,2017/08/30,1,,
1216,MinMax,Adam,L2,5,129,1,1,0.01,0.99,100,39987,2000,65536,y,2016/11/30,2017/08/28,2017/08/30,2017/08/30,1,,
1217,MinMax,Adam,L2,6,117,1,1,0.01,0.99,100,39987,2000,65536,y,2016/11/30,2017/08/28,2017/08/30,2017/08/30,1,Stable 9 months vs 1 day,
1217,MinMax,Adam,L2,6,115,1,1,0.01,0.99,100,39987,3000,65536,y,2017/01/01,2017/05/31,2017/08/01,2017/08/30,30,5 months vs 1 month,
